iteration,baseline_train_loss,baseline_validation_loss,swiglu_train_loss,swiglu_validation_loss,nope_train_loss,nope_validation_loss,rope_train_loss,rope_validation_loss,gqa2_train_loss,gqa2_validation_loss
0,4.2874,4.2823,4.33,4.3197,4.1954,4.2023,4.1935,4.2004,4.2952,4.2869
250,1.9689,2.0675,1.8309,1.9602,2.2927,2.3755,1.5833,1.7715,1.9767,2.072
500,1.5225,1.7251,1.4184,1.6258,1.8359,1.9841,1.3604,1.5977,1.5282,1.7243
750,1.3585,1.5843,1.2885,1.5388,1.5665,1.7696,1.2593,1.5231,1.3609,1.5849
1000,1.2696,1.5145,1.2128,1.5057,1.4447,1.6736,1.1851,1.4809,1.2747,1.5278
1250,1.2053,1.4919,1.1507,1.5053,1.3723,1.6136,1.1272,1.4818,1.2125,1.4937
1500,1.1502,1.4721,1.0944,1.4941,1.3226,1.5752,1.0775,1.4732,1.1535,1.4746
1750,1.1045,1.4716,1.0436,1.5015,1.283,1.5627,1.0271,1.4731,1.1074,1.4762
2000,1.0604,1.4785,0.9881,1.5129,1.2514,1.5585,0.9763,1.4916,1.0595,1.4692
2250,1.008,1.4806,0.9336,1.5491,1.2166,1.5404,0.9262,1.4972,1.0099,1.4786
2500,0.9614,1.4839,0.8838,1.5807,1.1962,1.5348,0.8761,1.5231,0.9646,1.4991
2750,0.9128,1.5117,0.8287,1.609,1.1878,1.5389,0.8307,1.5268,0.9191,1.516
3000,0.8667,1.5281,0.7754,1.6392,1.1524,1.5306,0.7827,1.5593,0.8717,1.535
3250,0.8227,1.5551,0.7285,1.6858,1.138,1.5383,0.7392,1.5886,0.8264,1.5553
3500,0.7816,1.576,0.6825,1.7154,1.1327,1.5554,0.6936,1.6309,0.7911,1.5767
3750,0.7409,1.5995,0.6401,1.7566,1.1207,1.5592,0.657,1.6446,0.7506,1.5997
4000,0.7093,1.6263,0.6047,1.7957,1.115,1.5677,0.6268,1.6619,0.7142,1.6263
4250,0.6791,1.6455,0.5785,1.8097,1.1448,1.6071,0.598,1.6957,0.6872,1.6445
4500,0.6543,1.6664,0.5555,1.8447,1.0969,1.5879,0.5746,1.711,0.6628,1.6546
4750,0.6363,1.6856,0.5331,1.8758,1.0832,1.5831,0.5582,1.7251,0.6458,1.6684
5000,0.6217,1.7005,0.519,1.8793,1.0837,1.5918,0.5449,1.7317,0.6307,1.6863
