iteration,layernorm_train_loss,layernorm_validation_loss,rmsnorm_train_loss,rmsnorm_validation_loss
0,4.2874,4.2823,4.2773,4.2724
250,1.9689,2.0675,1.9861,2.0812
500,1.5225,1.7251,1.5192,1.7107
750,1.3585,1.5843,1.3624,1.5861
1000,1.2696,1.5145,1.2694,1.5151
1250,1.2053,1.4919,1.2002,1.4885
1500,1.1502,1.4721,1.1469,1.4724
1750,1.1045,1.4716,1.1024,1.4638
2000,1.0604,1.4785,1.0575,1.48
2250,1.008,1.4806,1.0048,1.4894
2500,0.9614,1.4839,0.9558,1.5038
2750,0.9128,1.5117,0.9089,1.5072
3000,0.8667,1.5281,0.8632,1.5315
3250,0.8227,1.5551,0.8175,1.5662
3500,0.7816,1.576,0.7761,1.5853
3750,0.7409,1.5995,0.7365,1.6028
4000,0.7093,1.6263,0.7045,1.6304
4250,0.6791,1.6455,0.6748,1.6531
4500,0.6543,1.6664,0.6478,1.6745
4750,0.6363,1.6856,0.6327,1.6895
5000,0.6217,1.7005,0.6182,1.7037
